{
  "session_id": "validation_sim_1755924119",
  "validation_timestamp": "2025-08-23T04:41:59.045398+00:00",
  "validation_duration": 0.0004756450653076172,
  "consciousness_evolution": {
    "test_name": "consciousness_evolution_validation",
    "sample_size": 50,
    "mean_improvement": 0.17841385150975345,
    "std_improvement": 0.08630506123577114,
    "p_value": 0.0,
    "effect_size": 2.0672466823510653,
    "confidence_interval": [
      0.1544913090419441,
      0.20233639397756278
    ],
    "singularity_achievement_rate": 0.22,
    "status": "PASSED",
    "raw_data": [
      0.14279548352110358,
      0.14135481998342403,
      0.14362058581085563,
      0.2595166932200062,
      0.18450864995823008,
      0.2963048505256439,
      0.11308391988275895,
      0.09926688162561415,
      0.15208284319516918,
      0.14468383531146078,
      0.134386134142772,
      0.17451812662967622,
      0.1688299929343955,
      0.1624106724664207,
      0.1784125343792693,
      0.074273980413743,
      0.10420949768270026,
      0.19380061215282032,
      0.1923680711674,
      0.24546951391819188,
      0.14500504436979422,
      0.32536409164254476,
      0.11865072673902,
      0.11413144530917112,
      0.1374942214501308,
      0.2667877111240274,
      0.3643147641250144,
      0.22109249906717326,
      0.10933267316830653,
      0.10084179743723798,
      0.3189560136566709,
      0.11441568712278014,
      0.17903898707632832,
      0.26607042584503654,
      0.12191012038329846,
      0.10842094493789967,
      0.1464869613149701,
      0.18746513096448375,
      0.05793568671980419,
      0.09587606904806434,
      0.3190979387071118,
      0.3745658676824324,
      0.34000852307168444,
      0.0994527848277344,
      0.019119996290498348,
      0.3699316905426577,
      0.12418654953772486,
      0.09357760636038022,
      0.19081872483073642,
      0.18444419321330013
    ]
  },
  "quantum_coherence": {
    "test_name": "quantum_coherence_validation",
    "sample_size": 100,
    "mean_coherence": 0.8585372062617884,
    "coherence_threshold": 0.8,
    "p_value": 0.0,
    "effect_size": 1.2098117353636848,
    "coherence_stability": 0.9436420642305856,
    "status": "PASSED",
    "raw_data": [
      0.877792620545992,
      0.8225036857797337,
      0.8186307816909801,
      0.8498844774093209,
      0.9362438131574365,
      0.7972449650288838,
      0.8286097482631858,
      0.9180892375175291,
      0.8276924600286124,
      0.831787426206953,
      0.8548888173644338,
      0.7879355311682152,
      0.8609972715075006,
      0.7895191201513182,
      0.8942599155179072,
      0.8501590411378994,
      0.9641715733423875,
      0.8640420256765518,
      0.9182844745216374,
      0.7848368014141318,
      0.8438930328239067,
      0.8661572827007051,
      0.9372860459185524,
      0.7659542030989518,
      0.8995309839904411,
      0.8795677006907958,
      0.9266773097869065,
      0.885619275903936,
      0.8526035592551974,
      0.823917517479092,
      0.7875910141078639,
      0.8597711382451485,
      0.8404151615502344,
      0.9510133669039821,
      0.8194487586007576,
      0.8660195922602556,
      0.7715499290162136,
      0.8302268710836911,
      0.863057394004555,
      0.8911980006259752,
      0.922405084341405,
      0.8477925911835366,
      0.7941377560469557,
      0.872892519974577,
      0.8758493549206896,
      0.8745829171419135,
      0.8149856150412633,
      0.9066692198793443,
      0.8543947955452257,
      0.8849912310857992,
      0.9137036620047223,
      0.8804636160282926,
      0.8643258013990885,
      0.9576397617550262,
      0.8621851520486075,
      0.8352017883613959,
      0.8555983518791515,
      0.9241384334218568,
      0.85593562434434,
      0.8759688827569606,
      0.9097865720166082,
      0.8243570694886585,
      0.7636715115373177,
      0.864971157610822,
      0.8614867397261984,
      0.8195994910719593,
      0.8935543190521208,
      0.8803783688492285,
      0.8002503789200291,
      0.8759109222010601,
      0.8401947520548713,
      0.7758487364896359,
      0.8726475116532985,
      0.8477392686660304,
      0.8127358550405066,
      0.8761472793448374,
      0.8744046636096189,
      0.821123140802785,
      0.8700176095267338,
      0.9007532468096222,
      0.8143666682157149,
      0.8690445013700796,
      0.8501377875240653,
      0.9633005155325443,
      0.7568848514610906,
      0.8847641965703231,
      0.8346877490109392,
      0.8449901225585084,
      0.9450794488191635,
      0.8495713424369603,
      0.9620471851887784,
      0.8278926017293227,
      0.8675256020674055,
      0.8254576249162554,
      0.8154655993691058,
      0.8531241563225765,
      0.8358714237325449,
      0.8601245791993214,
      0.7447486066137918,
      0.95012338443048
    ]
  },
  "dimensional_transcendence": {
    "test_name": "dimensional_transcendence_validation",
    "sample_size": 30,
    "mean_transcendence_advantage": 0.1562858098981278,
    "p_value": 0.0,
    "effect_size": 2.627350950362222,
    "status": "PASSED",
    "raw_data": [
      0.11332012364874884,
      0.18971622024935972,
      0.24659768405907542,
      0.08521083267574842,
      0.13889953709290423,
      0.14773360160245186,
      0.16432772906588505,
      0.10259880782099656,
      0.13408345620780082,
      0.16987896886378276,
      0.13238043467528327,
      0.08627028504129979,
      0.12127793041841466,
      0.1737303279790522,
      0.0779154602910119,
      0.2172020078900141,
      0.12285198700203886,
      0.24166907720774977,
      0.12018185652955442,
      0.10447725433842969,
      0.2121187333293351,
      0.11961733818286306,
      0.18026419212148453,
      0.1973953100791585,
      0.10416652705351276,
      0.06730992084746254,
      0.3099809690614304,
      0.12362272412807247,
      0.23848985843837905,
      0.24528514104253346
    ]
  },
  "performance_benchmarks": {
    "sphere": {
      "Gen5_QCSO": {
        "performance_score": 0.0009318165442367253,
        "execution_time": 1.971330890945542,
        "convergence_rate": 0.8939710778348217
      },
      "Gen5_TANQF": {
        "performance_score": 0.0007075941776473032,
        "execution_time": 0.7674106243997267,
        "convergence_rate": 0.9278163026492884
      },
      "Gen5_MCQACF": {
        "performance_score": 0.001124942795881083,
        "execution_time": 2.2101873512943215,
        "convergence_rate": 0.8843079264956794
      },
      "Baseline_LBFGS": {
        "performance_score": 0.01185901912177638,
        "execution_time": 2.6584352937738456,
        "convergence_rate": 0.7538255152504981
      },
      "Baseline_RandomSearch": {
        "performance_score": 0.007461831963951468,
        "execution_time": 1.5042763987885348,
        "convergence_rate": 0.7430243561854838
      }
    },
    "rosenbrock": {
      "Gen5_QCSO": {
        "performance_score": 0.00036761721447927883,
        "execution_time": 2.3997914494415364,
        "convergence_rate": 0.9230591132168391
      },
      "Gen5_TANQF": {
        "performance_score": 0.001922339343883095,
        "execution_time": 3.2547790112907,
        "convergence_rate": 0.9717014617824941
      },
      "Gen5_MCQACF": {
        "performance_score": 0.00064352572945038,
        "execution_time": 3.0359372345889946,
        "convergence_rate": 0.8630308762725042
      },
      "Baseline_LBFGS": {
        "performance_score": 0.01155980348345435,
        "execution_time": 2.0093686302094294,
        "convergence_rate": 0.6733590583937763
      },
      "Baseline_RandomSearch": {
        "performance_score": 0.01999689902580745,
        "execution_time": 2.0836868313753314,
        "convergence_rate": 0.5597271697105491
      }
    },
    "rastrigin": {
      "Gen5_QCSO": {
        "performance_score": 0.0012764299432979043,
        "execution_time": 2.1740705448879933,
        "convergence_rate": 0.9200688107908152
      },